{"resultCode":0,"description":"Th\u00e0nh c\u00f4ng","napasBanks":[{"bankCode":"970455","bankName":"NH Cong Nghiep Han Quoc CN Ha Noi (IBK HN)","shortBankName":"IBK","whiteLists":[],"available":true},{"bankCode":"970425","bankName":"NH TMCP An Binh (ABBank)","shortBankName":"ABB","whiteLists":[],"available":true},{"bankCode":"970427","bankName":"NH TMCP Viet A (VietABank)","shortBankName":"VAB","whiteLists":[],"available":true},{"bankCode":"970436","bankName":"NH TMCP Ngoai Thuong VN (VietcomBank)","shortBankName":"VCB","whiteLists":[],"available":true},{"bankCode":"970415","bankName":"NH TMCP Cong Thuong VN (Vietinbank)","shortBankName":"VTB","whiteLists":[],"available":true},{"bankCode":"970407","bankName":"NH TMCP Ky Thuong VN (Techcombank)","shortBankName":"TCB","whiteLists":[],"available":true},{"bankCode":"970418","bankName":"NH TMCP Dau Tu va Phat Trien VN (BIDV)","shortBankName":"BIDV","whiteLists":[],"available":true},{"bankCode":"970405","bankName":"NH N\u00f4ng nghi\u1ec7p v\u00e0 Ph\u00e1t tri\u1ec3n N\u00f4ng th\u00f4n","shortBankName":"AGR","whiteLists":[],"available":true},{"bankCode":"970403","bankName":"NH TMCP Sai Gon Thuong Tin (Sacombank)","shortBankName":"STB","whiteLists":[],"available":true},{"bankCode":"970416","bankName":"NH TMCP A Chau (ACB)","shortBankName":"ACB","whiteLists":[],"available":true},{"bankCode":"970422","bankName":"NH TMCP Quan Doi (MB)","shortBankName":"MBB","whiteLists":[],"available":true},{"bankCode":"970423","bankName":"NH TMCP Tien Phong (TPBank)","shortBankName":"TPB","whiteLists":[],"available":true},{"bankCode":"970424","bankName":"NH TNHH MTV Shinhan VN (ShinhanBank)","shortBankName":"SHIB","whiteLists":[],"available":true},{"bankCode":"970441","bankName":"NH TMCP Quoc Te VN (VIB)","shortBankName":"VIB","whiteLists":[],"available":true},{"bankCode":"970443","bankName":"NH TMCP Sai Gon Ha Noi (SHB)","shortBankName":"SHB","whiteLists":[],"available":true},{"bankCode":"970431","bankName":"NH TMCP Xuat Nhap khau VN (Eximbank)","shortBankName":"EIB","whiteLists":[],"available":true},{"bankCode":"970438","bankName":"NH TMCP Bao Viet (BaoVietBank)","shortBankName":"BVB","whiteLists":[],"available":true},{"bankCode":"970429","bankName":"NH TMCP Sai Gon (SCB)","shortBankName":"SCB","whiteLists":[],"available":true},{"bankCode":"970412","bankName":"NH TMCP Dai Chung VN (PVcombank)","shortBankName":"PVB","whiteLists":[],"available":true},{"bankCode":"970414","bankName":"NH TM TNHH MTV Dai Duong (OceanBank)","shortBankName":"OJB","whiteLists":[],"available":true},{"bankCode":"970432","bankName":"NH TMCP Viet Nam Thinh Vuong (VP Bank)","shortBankName":"VPB","whiteLists":[],"available":true},{"bankCode":"970428","bankName":"NH TMCP Nam A (NamABank)","shortBankName":"NAB","whiteLists":[],"available":true},{"bankCode":"970437","bankName":"NH TMCP Phat Trien TP HCM (HDBank)","shortBankName":"HDB","whiteLists":[],"available":true},{"bankCode":"970439","bankName":"NH TNHH MTV Public VN","shortBankName":"PB","whiteLists":[],"available":true},{"bankCode":"970442","bankName":"NH TNHH MTV Hongleong VN (HongleongBank)","shortBankName":"HLB","whiteLists":[],"available":true},{"bankCode":"970430","bankName":"NH TMCP Xang Dau Petrolimex (PG Bank)","shortBankName":"PGB","whiteLists":[],"available":true},{"bankCode":"970446","bankName":"NH Hop Tac (Co op Bank)","shortBankName":"COB","whiteLists":["01649658917"],"available":true},{"bankCode":"970419","bankName":"NH TMCP Quoc Dan (NCB)","shortBankName":"NCB","whiteLists":[],"available":true},{"bankCode":"970434","bankName":"NH TNHH Indovina (Indovina Bank)","shortBankName":"IDB","whiteLists":[],"available":true},{"bankCode":"970408","bankName":"NH TM TNHH MTV Dau Khi Toan Cau (GPBank)","shortBankName":"GPB","whiteLists":[],"available":true},{"bankCode":"970400","bankName":"NH TMCP Sai Gon Cong Thuong (Saigonbank)","shortBankName":"SGB","whiteLists":[],"available":true},{"bankCode":"970426","bankName":"NH TMCP Hang Hai VN (Maritime Bank)","shortBankName":"MSB","whiteLists":[],"available":true},{"bankCode":"970449","bankName":"NH TMCP Buu Dien Lien Viet (LienVietPostBank)","shortBankName":"LVPB","whiteLists":[],"available":true},{"bankCode":"970452","bankName":"NH TMCP Kien Long (KienLongBank)","shortBankName":"KLB","whiteLists":[],"available":true},{"bankCode":"970457","bankName":"NH Wooribank","shortBankName":"WRB","whiteLists":[],"available":true},{"bankCode":"970440","bankName":"NH TMCP Dong Nam A(SeABank)","shortBankName":"SAB","whiteLists":[],"available":true},{"bankCode":"970458","bankName":"NH TNHH MTV United Overseas Bank (UOB)","shortBankName":"UOB","whiteLists":[],"available":true},{"bankCode":"970410","bankName":"Standard Chartered","shortBankName":"SC","whiteLists":[],"available":true},{"bankCode":"970448","bankName":"NH TMCP Phuong Dong (OCB)","shortBankName":"OCB","whiteLists":[],"available":true},{"bankCode":"422589","bankName":"NH TNHH MTV CIMB Viet Nam (CIMB)","shortBankName":"CIMB","whiteLists":[],"available":true},{"bankCode":"970454","bankName":"NH TMCP Ban Viet (Viet Capital Bank)","shortBankName":"VCCB","whiteLists":[],"available":true},{"bankCode":"970406","bankName":"NH TMCP Dong A (DongA Bank)","shortBankName":"DAB","whiteLists":[],"available":true},{"bankCode":"970421","bankName":"NH Lien Doanh Viet Nga (VRB)","shortBankName":"VRB","whiteLists":[],"available":true},{"bankCode":"970409","bankName":"NH TMCP Bac A (BacABank)","shortBankName":"BAB","whiteLists":[],"available":true},{"bankCode":"970433","bankName":"NH TMCP Viet Nam Thuong Tin (VietBank)","shortBankName":"VB","whiteLists":[],"available":true}]}